group,username
YES,TTrendingTopicc
YES,zibzeg
YES,ddos_mg
YES,jeff_puente
YES,alvarorickman
YES,ERCatalana
YES,ApocalipsoZomby
YES,tornoapassar
YES,bonhor
YES,Davidjimenezr98
YES,MMGV75
YES,kasalprim
YES,montver
YES,AlvaroSmilersMx
YES,javi10_sv
YES,joanbotta
YES,EvaBoschR
YES,p1p3t00
YES,masnou_merce
YES,irinasureda
YES,frankuriol
YES,Lali3333
YES,laPocasolte
YES,Chili221
YES,estu_finest
YES,ecunillm
YES,JosepLlorens
YES,ramontremosa
YES,13Mireia13
YES,VeryVeryAngela
YES,jess_cuevas1
YES,_Gafas_y_reloj_
YES,Hiplita5
YES,sergioPTbcn
YES,IVANLAREDO1973
YES,Pep__Vila
YES,joelrp69
YES,Arnau_1988
YES,humothurman
YES,lorenmorfer
YES,elle_bah
YES,SoyCibelino
YES,romanidemata
YES,JepMArnau
YES,xavier_torrens
YES,ponderingthewhy
YES,BecomingMusher
YES,marc_maranya
YES,aaronGalan
YES,GabbaLove_
YES,elyayoCos
YES,unounocuatro
YES,Xaviercarrion1
YES,CescAldabo
YES,Bragon_
YES,javiermontanod
YES,LibertadUnico
YES,SextaNocheTV
YES,Moissmart
YES,fotemcanya
YES,Arrivio
YES,davidcosta72
YES,homopestis
YES,Karpfer_
YES,SGarciaSoto
YES,celescolorado
YES,Donjosepanton
YES,Cracker_Jaker
YES,pere1899
YES,elenay29
YES,ElMogaver
YES,Governrepublica
YES,manelmarquez
YES,BlanKyniEveS
YES,Observer705
YES,jordi_picart
YES,LeoncioDon
YES,_garabatu
YES,davicuve
YES,JuncosaLaura
YES,iPooopp
YES,ibansg
YES,stormcaptain
YES,miquinta1
YES,cataleix
YES,vinasxifra
YES,quimgombau
YES,bcn_trip
YES,MrEielson
YES,BdnAlbert
YES,fer2365
YES,diploidlove
YES,gabirelezkurdia
YES,txusfermo
YES,dankeabernicht
YES,kikedeleon28
YES,Paco_Bel2nal
YES,XUSSCRONA
YES,RusoMikel
YES,davidfreecat
YES,EsEscribania
YES,marionaboldu
YES,CataloniaSpoke
YES,UT447Barcelona
YES,RogerdeVic
YES,ruadopercebe
YES,YisusVV
YES,canusverus1
YES,Ferreradmetlla
YES,RisparmiareBenz
YES,Jacinto78202485
YES,Esbrinant
YES,Zgz_ALH
YES,sergirago
YES,IvanCG_86
YES,carmeseguracap
YES,damiancillo15
YES,pau_pla
YES,JoseBallesteL
YES,dbertran
YES,contradiscurso
YES,premisindepe
YES,babybp759
YES,lionelspycher
YES,Carlos_doseme
YES,RoigNegre
YES,LaPiuletaPiula
YES,ariannegarciax
YES,Jalop72
YES,toniballart
YES,DLopategi
YES,AlbertLluc
YES,JoanMi73
YES,_irishrepublic
YES,ManzanaAstur
YES,emf1714
YES,frxngonzxlez
YES,Ainalliure7
YES,ramonjmagi
YES,vlfern
YES,jmiguelsanchezm
YES,luiseromeror
YES,FlorenciFC
YES,miquelcartro
YES,AmeijideM
YES,HectorSelectivo
YES,PiuletCat
YES,Pariasdlatierra
YES,nuriapbs
YES,nosoloporno69
YES,xomit7
YES,4xsample
YES,nuriamartinez4
YES,RedRum4471
YES,ramonestradat
YES,murck2
YES,Fossar40
YES,monicafigueras
YES,Catspinne
YES,josepvidala
YES,IiLliure
YES,RicardVic
YES,catalunya2016
YES,iii_soo2
YES,srgalgo
YES,OscarPunisher
YES,OrgulloEspaol7
YES,Gisela10Km
YES,konill_ku
YES,ANCViladecans
YES,trunksupanddown
YES,mjpartera
YES,AgusGirona
YES,baphomed75
YES,llunavagabunda
YES,BlazquezJordi
YES,DaniGijon1
YES,TibiuLallai
YES,Anna_bemi
YES,Afry_LuNa
YES,PepNuria
YES,lmlajl
YES,elchusdegranada
YES,memodememes
YES,SandraFradera
YES,Benoit_Boure
YES,lopez_orgaya
YES,rogerpuig5
YES,elvpane
YES,oteyzerena
YES,miquel_casals
YES,adrifadi
YES,sg1675
YES,salvadorpastorb
YES,RobertoBaila
YES,MasgrauJudit
YES,PereSoldevila
YES,MugiwaraNoJinx
YES,JoshFeldberg
YES,IESPlantada1oct
YES,naxo10_av
YES,Jair17cat
YES,LaJPdeEva
YES,jomalumi1
YES,esquerrarubi
YES,roberir
YES,SergiPla88
YES,sinceridad001
YES,LuigiFramis
YES,leonbacall
YES,DonKshu
YES,jp_noicat
YES,ilion1250
YES,fabzare
YES,Enfandilada2012
YES,J7Piera
YES,marcus_uf
YES,ZhMarisa
YES,ANCEuskalHerria
YES,IsaTorres78
YES,MarcVidalMoreno
YES,deibeat
YES,gabrielaferal1
YES,parecemosnuevos
YES,laura__moyano
YES,vxlozano
YES,corsarioazul1
YES,hugo87per
YES,lalilali68
YES,MUrgels
YES,DaniCadiz28
YES,jordicusi
YES,Catroig
YES,pacsosaa
YES,ELSATE_COM
YES,MartiSaeez
YES,Antonio_lluch
YES,tmallafre
YES,wasabi1714
YES,helpbeatle
YES,SrtaPertinente
YES,hardwareadictos
YES,Tomenoss
YES,Evanshm
YES,BetonaComin
YES,cacafurry1
YES,primo_de_riesgo
YES,tecnobuda
YES,SaraMarreroLo
YES,txus_1981
YES,laussium
YES,shinosucke
YES,LMarkStories
YES,Adross1985
YES,elLLOP9
YES,Matapollos17
YES,Carles17301505
YES,helimaite
YES,joaquimpiera
YES,GEscarvajal
YES,pagocre
YES,GoyoSB
YES,karmelin21
YES,SOSBierzo
YES,RafaelGalan4
YES,kike_bcn
YES,DCR_1985
YES,cpblasco1954
YES,Nuhude
YES,JosepOriolMC
YES,beraasp
YES,jordimondragon
YES,Ashishmdas2
YES,rufianismo
YES,jordiguell
YES,jaguimera
YES,tikitakahasi
YES,annikarrasco
YES,Municipal_Bank
YES,nurietatg
YES,jubilao
YES,ANCBaix
YES,sobiranianarkia
YES,davidvallss
YES,Felipe25_1
YES,Libra_Rojo
YES,CarmeFito
YES,PeggyMaswell
YES,diegocruzblog
YES,Flipandocolours
YES,RagnarangaR
YES,Youeconomy
YES,cat_farres
YES,AdmonLocal_
YES,EspanolDelNE
YES,LaSultanadeAbda
YES,rieravilaymami
YES,CaminsJ
YES,nasiopalinterne
YES,busquetsdad
YES,InfluencerOMG
YES,hezmick
YES,C_Justicia_
YES,normanmente
YES,Txeck_
YES,JGRBarna
YES,madogima
YES,Luisbueno6Luis
YES,gonpitarga
YES,somgranollers
YES,Patufetempipat
YES,xserrap
YES,carvano113
YES,DaniSerranoB
YES,Ramondelvi
YES,92Esthergarcia
YES,aGtmTb
YES,xusram
YES,zernikalo
YES,nachoylauralove
YES,hamida_hasan
YES,Perenrecordarme
YES,_Umtitismo_FCB_
YES,MHDP99
YES,deniseperezr
YES,QuiqueVal
YES,JeanPaulSaumon
YES,Tonioga
YES,MKTDLY
YES,naxoxan
YES,LucysJigoku95
YES,bechoch
YES,TeTeverde7
YES,MTudela
YES,btCarles
YES,XaioTro
YES,miglesiast
YES,lipe_fuentes
YES,pauetc
YES,nuriafura
YES,CastelletFelipe
YES,FerBcnHD
YES,c_mesepaldi
YES,CosechaNegra
YES,SDemocrazy
YES,Calaixwebloc
YES,Tumejoroido1
YES,HerrChaisse
YES,danidanius
YES,RosinhaPimentel
YES,correfoc
YES,JuliaPazos2
YES,jordi_filba
YES,jpeg912
YES,santboidecideix
YES,ClaudioMartin46
YES,CUPTarragona
YES,AliciaSwither
YES,manuangelnistal
YES,CatMunt
YES,quimalier
YES,gaab75
YES,JaumeMart1
YES,anaoromilluch
YES,Talaverano78
YES,cberlosky
YES,RICARDOCASES1
YES,gaspixmaynes
YES,felixgc81
YES,seremlliures
YES,dmontserratnono
YES,pol_akela
YES,Luk_anikos
YES,wapamenti
YES,CristianFloresD
YES,aliveintripping
YES,DTarrason
YES,7manueljerez
YES,Dormilonzzzzz
YES,borjabalasch
YES,GuajeSalvaje
YES,the_raven77
YES,roalvarezchapo
YES,pgaleral
YES,Catmeli
YES,GerminalEZ
YES,RickHarrisonGSP
YES,TudelaAviles
YES,MamboTicotico58
YES,mituspares
YES,debolsillo
YES,amandaasubiar
YES,FreePiolin
YES,montsemasip
YES,ArnauBorras
YES,61_merc
YES,raulsan01713042
YES,Miquelesquinas
YES,social_article
YES,Terapiasdiet
YES,cris_teje
YES,SariniGarcia
YES,Villarato
YES,TonitrueToni
YES,SancheAroa
YES,PetitdelaFonda
YES,fachaysedal
YES,TereDelgado1
YES,Pallares_Miquel
YES,EmbEspTelAviv
YES,anjorgez
YES,carlosaray
YES,13llunes
YES,martapfdez90
YES,nenee_eu
YES,sandra_827825
YES,elireshafenix
YES,putamontonera
YES,jumarta8
YES,FinaFinajim
YES,ene1968
YES,David_MartinVR
YES,mvidiella_manel
YES,Lluis_Casanovas
YES,conchivillamil
YES,luleilolailo
YES,albert_gama
YES,MARKVIC10
YES,crstinnna4
YES,jromeug
YES,humorindignado
YES,Andreu_Arbo_T
YES,ivancano
YES,RachelAddler
YES,marferen
YES,xetedelrio
YES,jknb14
YES,gurupaella
YES,elser100
YES,BolsaInicio
YES,sweetcchina
YES,DavidGrande1977
YES,GZuazola
YES,khaledr511
YES,Marionahoms
YES,Mister_Jajas
YES,DidacMr78
YES,arieldebcn
YES,biarnes_marc
YES,nahuRani
YES,salvaserrano79
YES,TapiBcn75
YES,XavierVigil1
YES,pep_plana
YES,Prometheusterra
YES,Jesus83075610
YES,JaimeHerreraCaj
YES,marcbeldata
YES,Nvilab
YES,vicentelopezt
YES,Nereita9
YES,EnrikeIlundain
YES,ximoilicitano14
YES,sa_vanet
YES,CsG73019141
YES,Chhotubhaibh
YES,pepe2082
YES,xavirg1974
YES,EIconfidente
YES,TrendsValencia
YES,JosepMolinas
YES,lluis_vidal
YES,pedrogomezserra
YES,neska_zaharra
YES,JUAN032402
YES,Ferrancm
YES,LordEvilman
YES,EsteveGibert
YES,MariposaRepubli
YES,edpct
YES,Barcelonauta_
YES,ChaendlerBing
YES,SuperXarnego
YES,nuriagavarro
YES,rubenmartos01
YES,TumixPe
YES,jepse_josep
YES,RascaPelasca
YES,libro_lector
YES,Carlesssss
YES,carol10G2015
YES,dospares1
YES,AlbEpitie96
YES,hermeszara
YES,HSAndrea2
YES,Juanjodelacruz
YES,AlbertClaramont
YES,immabebo
YES,_Onofre__
YES,45cacatuas
YES,cdepablot
YES,mandreu6
YES,mariade50995720
YES,Dolors63
YES,escribe_ilustra
YES,edgarpima
YES,Justo_Perez
YES,enricconill
YES,saw2077
YES,tiritarivas
YES,Brx_Eva
YES,cadiz_carnaval
YES,agallardosoler
YES,VRomeoR
YES,lucamoros
YES,a_tiza
YES,CucuruchoFresa
YES,chaso1972
YES,ignasicabre
YES,peyotis
YES,4estado
YES,LuisPerlesSanch
YES,petrusca50
YES,Giusttav
YES,Novemento
YES,CataloniaNewss
YES,trendingdeutsch
YES,VioMC
YES,jimawary
YES,eonza64
YES,makrobet
YES,sonia10301
YES,enricllauger
YES,elafilador82
YES,Guinedilda
YES,SaborioDestral
YES,CasPPoSOe
YES,patrickdh
YES,ZorbaCosmologo
YES,mloboruiz
YES,pepguillen
YES,imamis
YES,Ridd1979
YES,SergiMV75
YES,mario_1699
YES,Mondonville
YES,Miquelet_mataro
YES,jorxvidal
YES,jaumeguillamon
YES,calvet_arnau
YES,ghaime69
YES,Asemval
YES,Julio_Notario
YES,crackcasemiro
YES,edzeballos
YES,LaHonorata
YES,AngelsCruz1
YES,LloreMiret
YES,slipnegre
YES,celspinol
YES,ToniDia65842327
YES,tonyi_97
YES,kristianrodenas
YES,freakyjohn80
YES,TiletliMixtli
YES,Oviedocityy
YES,carlesalles
YES,birlotes
YES,moc_josep
YES,_niiara
YES,estatcatala
YES,islatonga54
YES,JaumeGBonamusa
YES,Gigi_cat96
YES,Nyaykildai
YES,maddilo10
YES,inmyworld___
YES,regul_ilerget
YES,cescwillrain
YES,plumalba
YES,TuiteoCuIero
YES,allsetic
YES,el_veintiseis
YES,VivianaIdem
YES,Aperol8
YES,CARLESRIUS
YES,alexx_abos
YES,pipboy80
YES,Morenacatalana
YES,mesperdut
YES,AstralSyrma
YES,en_menut
YES,covfefe_gib
YES,geoff_bernz
YES,kinbamike
YES,indepe91
YES,sannav66
YES,eyeclipse
YES,carmedilme
YES,menorqtres
YES,LlopisMarta95
YES,angusrg1955
YES,paalull
YES,Kirkotius
YES,4G_RED
YES,marinna_9
YES,JoSerrallonga
YES,DaiIyPuppyCats
YES,jgbaldrich
YES,SocFranC
YES,CatalaDelDelta
YES,gabalaui
YES,TrelawnyC
YES,GabilondoInaki
YES,PPBenasque
YES,JL69
YES,GracianoCebeira
YES,RayMcCoyBR
YES,AurelioArturo15
YES,Tarreti
YES,JoseAnMZ
YES,paupbn
YES,NicoMoleroMF1
YES,luttodibianco
YES,guerre_jordi
YES,63MANEL
YES,JaviMGomez
YES,GenaroLleida
YES,LorenaPose
YES,nurieta85
YES,liajuper
YES,Jordi_Pixel
YES,todoscojidos
YES,DanielEsNi076
YES,LuzeonArc
YES,homequevai
YES,YAHOUL
YES,DearCaptainA
YES,harrymartxan
YES,AngelHeims
YES,AlbertCabacas
YES,Santandreuenc
YES,alegrejesus2
YES,the_xema
YES,vmse10
YES,YaraGoitaca
YES,beatriuismael
YES,El_Foment
YES,marodomenech
YES,bruhwurst
YES,daltonGFR
YES,Manololorente
YES,oscar_trullas
YES,NoguerPere
YES,Bitterman88
YES,fjarrebola
YES,DanyDom91
YES,Lvv72
YES,mireiaKdS
YES,victorvcf96
YES,analogicadmente
YES,_AAM1997
YES,kitus_69
YES,xmoitascausas
YES,AngelClow
YES,CapelladesPilar
YES,Carlos74GP
YES,decodesurfer
YES,victorsp_zgz
YES,llagus77
YES,ladauphinenoir
YES,avp_villamil
YES,azusantander
YES,mireiacortes
YES,DiputacionES
YES,assunfranquesa
YES,_TottiCarne
YES,cram1791
YES,neomalamic
YES,CGT_CALLAO
YES,manuel_becerrea
YES,7O5cnORUmFMa5X0
YES,AnnaForastier
YES,christiangmnz
YES,palacio05
YES,xrocacros
YES,HistoriaEspanna
YES,GemmaRovira73
YES,alex_montornes
YES,JosepTraphero
YES,mr_faqs
YES,CarlesCuadra
YES,Ac78En
YES,bernatdejuan
YES,jmiguelromero
YES,maezturomanos
YES,sazuyasu
YES,Hideki_Ladilla
YES,AndreuSantiveri
YES,kirkayu0
YES,ARTEM_KLYUSHIN
YES,MarisaSeville
YES,moragriega
YES,Borell_2n
YES,NGniers
YES,joan_herrero73
YES,aguirredia_toni
YES,criscarbu8
YES,alfredsolsona
YES,PostreDulce
YES,Ramoniprou
YES,ToniEstadella
YES,JavierRamonell
YES,LoQueYoTeDigaes
YES,DrTitthonsen
YES,infamiaOK
YES,Agusti_RM
YES,Japandream74
YES,DoctorRickyBusi
YES,DavCham
YES,sixjoan
YES,JavierRojasD
YES,SrCarbonell
YES,jordihir
YES,Ursusnit
YES,nil2002_bape
YES,TemplatIFadri
YES,Duelelab
YES,Ataloya
YES,elbalafia
YES,44_daani
YES,IntrepidoAlf
YES,Kodreone
YES,Gempubu
YES,Thecrowdraven0
YES,analizandoymas
YES,Llibertat14
YES,CiutadansCs
YES,Valenti18216624
YES,enbuscadellobo
YES,patpitie
YES,12decima12
YES,davidpalomogo
YES,blue_soko
YES,Monument_Macia
YES,jlgraupera
YES,Cm_faldrick
YES,maaplo1101
YES,quinbroquil
YES,MasotRosa
YES,santirofes
YES,IrmaMoreras
YES,emilianofabre
YES,REC45EN5
YES,pituxinxola
YES,Largazo
YES,xfarrarons
YES,MawickR
YES,aprzsegura
YES,david_nq_cat
YES,ramonmunne
YES,ANeiraL
YES,xavier_amill
YES,holaktal68
YES,willypeich
YES,tn_josepcurvo
YES,Tarsis76
YES,gallico42
YES,totpet
YES,misteryadler
YES,benimmo
YES,Joan_Gari
YES,Santolaria
YES,Todd_Hockney
YES,ignasicharles
YES,plazaro67
YES,jraixelamarkets
YES,OxelUrrutia
YES,jorgefuer
YES,EstafaBPopular
YES,posnohagas
YES,TheBukyest
YES,jefebauer
YES,FSanjoan
YES,btxcgnbv
YES,ViladegutA
YES,Uri76Oficial
YES,valldeoriola79
YES,Anthropologies
YES,jjgraciam
YES,pilisierra4
YES,eferfaz
YES,rbnlobato
YES,VioletaTercedor
YES,arevueltamartos
YES,rotoloso
YES,JuanAVazq
YES,DAVIDGHTRI
YES,frangarcia18861
YES,Carrington_BIO
YES,GassiotMerce
YES,Geshcann
YES,MaruxaHevia
YES,Julesalqzr
YES,jhenderm6
YES,jmluceda
YES,XavierGodas
YES,inmasug
YES,clitemlektra
YES,CarlaGon11
YES,MESpersaPobla
YES,capipota
YES,Paco_Larrosa
YES,TwittTrendsIN
YES,dimasciudadano
YES,grubell_d3v
YES,alldevs
YES,ivannager
YES,Sara_3001
YES,GiCamps
YES,gerjms
YES,montseangu
YES,dnicatala
YES,_julio_larsen_
YES,SebastianCoriaG
YES,ramonaguilarg
YES,RAroztegui
YES,eufrii
YES,cervera59
YES,JUDlT21
YES,elhilorojo
YES,karlos_stk
YES,JavierBcn74
YES,Jordividalc
YES,encuestasESP_
YES,maken_berja
YES,Murete2
YES,JulinLeal
YES,vitoba1
YES,Utggard
YES,joruper
YES,JustMonOskar
YES,mlduranm
YES,totensat
YES,PiolinArmy
YES,gerardo3072
YES,gentdelmarge
YES,Mutancilla
YES,KatyCats_esp
YES,PotserNoCal
YES,carmen_rocan
YES,Indiclm
YES,ToyEnEllo
YES,ORigola
YES,quantusc
YES,jcalerof
YES,ElXaviRaventos
YES,HarleySoberana
YES,ANCastelldefels
YES,Jordi3_141592
YES,Piolin33726370
YES,mounamour7
YES,CarlesVidal
YES,correcaminos003
YES,DrMisantropify
YES,Whitewidow
YES,Roke021
YES,Dagiro57
YES,Yosutumaka
YES,susanamanx
YES,VeroVIila
YES,KarmaBaulenas
YES,juliorl1954
YES,AitorAlgorta
YES,xavisanzribera
YES,bori_not
YES,stellarg65
YES,carlosdz
YES,AngelCasado67
YES,Evamontielgo
YES,m_doncel
YES,ernestomw
YES,Sertemus
YES,ntindal1714
YES,frantasticas
YES,JordiKapi
YES,fernandez_adria
YES,4Lex_s13rr
YES,HumildeTuit
YES,DeOtrasIdeas
YES,nohopararan
YES,nasser1hyena
YES,mon_escamilla
YES,EvaMoreno
YES,Lorodo8
YES,beatone79
YES,nuriagau
YES,Aina_Sango
YES,elmonoculomiope
YES,eliceva5
YES,NoraBalague
YES,KatMacktub
YES,Ljr16015824
YES,ricbeltran_r
YES,IgorPuig
YES,xapi_10
YES,maiolichinus
YES,dani_coloma
YES,brandydh22
YES,AbsolutAlbertll
YES,Zepoluap2000
YES,aritzeta
YES,CarlesMorales
YES,Barchinonensis
YES,anarkiapura85
YES,Crismore66
YES,Make_Me_Aware
YES,Eudald4
YES,anastaciacup
YES,jmolineromendez
YES,rogercv_87
YES,eljuakki
YES,__kamis__
YES,CarlosJ52128735
YES,JUnodmadrid
YES,QarlesJ
YES,cuentahastaten
YES,JetasdePalacio
YES,jordipc1714
YES,PiscisblokyToni
YES,rosagallego72
YES,krelick
YES,reflexions_NS
YES,PartidoPodrido
YES,Xavillebe
YES,Valentindm
YES,richiwbcn67
YES,AlfLaFrench
YES,ignorotodo
YES,OriolCrosas
YES,genarincabra
YES,lluiszf
YES,NiUnPasEnrere1O
YES,elmaschachi
YES,VerenaWilkening
YES,mywordsworlds1
YES,simon_paco
YES,redericuss
YES,pierniski
YES,RalthorR
YES,antonicastells
YES,luis_vacares
YES,DegeaMireia
YES,marialorenacg
YES,JORGETELLEZC
YES,AngelDunka
YES,Cabra_Catalana
YES,guarapitu
YES,Nuria_Griso
YES,TeaTaula
YES,domsneddon
YES,ebe77
YES,PeatonCabreado
YES,bsdhighrisk
YES,MGene1970
YES,CapitaScott
YES,sanxet77
YES,Susana_Mayo
YES,RachanaRaizada
YES,BrainstormCarlo
YES,Xavimespu
YES,isisa8
YES,zache81amigo
YES,jordisanchezpu
YES,JaTardem
YES,Nest_indy
YES,germaniako16
YES,hayqueve
YES,diegolotito
YES,tomeucantallops
YES,socialgonemobil
YES,TrolB612
YES,Nightwing80
YES,GMUlloa
YES,maribel_maylen
YES,Vilamacolum
YES,SandraEzkerra
YES,SanferCristian
YES,CarlesCasamayor
YES,Agente03077434
YES,charito_fdz
YES,barnadrac
YES,JohnnyXutigol
YES,nssme_foro
YES,Estrellas_Siete
YES,poppyfresh_
YES,ramon_casals
YES,ROMAN_GT
YES,laReina84
YES,epuertog
YES,xkmosg
YES,miqueltorres63
YES,JoanTomsMuoz1
YES,tomaset11
YES,xidoep
YES,MPlazamora
YES,anigeron
YES,malzuria
YES,marionoia64
YES,masrento
YES,ianFilosofeando
YES,JuanJ2708
YES,evrtrabajo
YES,retweetminator
YES,kepapere
YES,pjtorrest
YES,Arcadi75
YES,eva_giralt
YES,Dignitat_Rebel_
YES,tarmacious
YES,marikiiu
YES,arnausole_judo
YES,VictoriaBonet
YES,sandraEchelon
YES,karmo84
YES,totiarimany
YES,jordiferro
YES,Zonamuerta_cine
YES,MovemTortosa
YES,ViennaVital
YES,23Tomik
YES,arnaupnow
YES,alvare_zamora
YES,Rogerparramon
YES,Carlesd
YES,teresaromeu
YES,vicact
YES,alcarajopipa
YES,comeilvento_
YES,FranBoVideos
YES,_noaam
YES,FenixiH
YES,CastanyoSusanna
YES,Sin_Nada_Mas
YES,choriwindi
YES,MartinezMarcoa
YES,NiDiestroNiSin
YES,efgOpinio
YES,JBP_81
YES,andreablavi
YES,orioltorroja
YES,joanmaines
YES,GrilleraLa
YES,PamelaUp
YES,denmestre
YES,euroeuropa
YES,romulo_vargas13
YES,Realfacehand
YES,josepOliveras72
YES,marta_mevi
YES,TheObjective_es
YES,Mas_Enfurecido
YES,anna_costas
YES,MontseCateura
YES,Orlik_Cat
YES,ngarcialatorre
YES,ivancema7
YES,SobradoEutiquio
YES,vcf70
YES,josepramonbosch
YES,19722791es
YES,Alfonso_GA
YES,gemmabusquets
YES,gonzalodh21
YES,patrimoran21
YES,carlesbert
YES,enriquesurroca
YES,nuriablancoq1
YES,Susanna8138
YES,sigfroit
YES,minicrafts3
YES,anna_matas
YES,MacBlitzz
YES,Marfil1961
NO,Ciutada
NO,pramartha7
NO,McPinkP
NO,ELFITA16
NO,moratalazpp
NO,quepiensecomo
NO,vicentcreu
NO,srodriguezluna
NO,jcecatalunya
NO,tierra_nadie
NO,freeolero
NO,alexcastro02_
NO,JaiColl
NO,Kukuruto2017
NO,isaimarivent
NO,Silvia_MK_BCN
NO,JJCAPACETAS
NO,glendadelanuez
NO,vozdecatalanes
NO,Miguel4morales
NO,comoduus
NO,Britovius
NO,MABastenier001
NO,CastanoRosario
NO,dosPorDia
NO,blythe_club
NO,JapreriaVZ
NO,arsinoe2012
NO,1991_nuria
NO,GloriaPardoQ
NO,PuesPioPio
NO,pepraco
NO,kfan90
NO,Nefelib3ata
NO,Miguel39208273
NO,ClaudiaRopero
NO,3OejCDcfvFi0M1B
NO,popularesfuenla
NO,xalalibertad
NO,jaic52
NO,Mattvet3
NO,exememexe
NO,AdanTeen
NO,Francis25175123
NO,zorranco
NO,rycky244
NO,SalvaJodar
NO,mysttigal
NO,FFdezG
NO,celiagranda
NO,Jordi_Obon
NO,SpainCrackDown
NO,desbarrame
NO,ElisendaMM
NO,santypin
NO,marianafresneda
NO,cggracia
NO,Alyspn
NO,McrcJaen
NO,cuantascosicas
NO,SergioRocafor
NO,PPdeTeia
NO,24clm
NO,Blekholmst
NO,ramirezpaco
NO,AMT_LP
NO,JoseFdzOficial
NO,YoRepublica
NO,CanariasMcrc
NO,Mmj125Palop
NO,JIgnacioVega_
NO,lavana6video
NO,handicapdriver
NO,ivonnediaz2203
NO,FedeUV
NO,PilarCuartero1
NO,JulioALeal
NO,2Cronopia
NO,hola8400
NO,Erasmus1989
NO,edeapie
NO,azul77551
NO,AE__ROSAS
NO,ter63esa
NO,Quique_vidania
NO,TomasFTerrados
NO,Chichuelas
NO,Spinelli_XXI
NO,mcrc_valladolid
NO,Gestormasmovil
NO,franyago
NO,QueloMiranda
NO,joanantonialtim
NO,pablosanchis
NO,AliciaManresa
NO,Policias24H
NO,cliviamadrid4
NO,mariannngeles
NO,juanra5353
NO,Davanglada
NO,Juancarfg
NO,HiggingsMark
NO,GatoCristian44
NO,florente2
NO,Berta_HR
NO,espunydesign
NO,dobbylovegood
NO,Balarrasa_74
NO,paquito27451279
NO,AlmudenaAlonso
NO,MarcosGavalda
NO,EmilioArteaga14
NO,sanyro
NO,XityMoreno
NO,AlyMereih
NO,virgibrunom
NO,betxi_castellon
NO,uombatwild
NO,RamonBarrial
NO,martyonoctober
NO,Marsal95
NO,nosfaltaPACO1
NO,MotivacionAhora
NO,luislaro68
NO,JuanFranMartinF
NO,alucasromero
NO,dmastral
NO,mbsafont
NO,JosepMEsteve
NO,Jirodriguezg
NO,el_incredulo_
NO,MtheSpanish
NO,JaviiierMaarco
NO,kattolikamente
NO,espeBarcelona
NO,AmantesdelBaln1
NO,Altalego1
NO,Belen_BCN
NO,ShindaWood
NO,AthanEuropa
NO,Franchumy
NO,exSociata
NO,vhanlauden
NO,juanchu_21
NO,olda_knoz
NO,rav_aldeto
NO,_AlexML_
NO,MiSonConMiSason
NO,mpiluca
NO,Quijotesco
NO,Elofornia
NO,Bank_Practices
NO,TonyMontanaBCN
NO,GranadaRC
NO,beasf99
NO,Merchedemelilla
NO,DanonJosep
NO,cadogan333
NO,RASANCHEZNU
NO,Gareax
NO,pacitopacito92
NO,juanravivanco
NO,pasionxespana
NO,CarlosHNP_
NO,LaRioja_DRC
NO,elcritiko81
NO,ernesjulian
NO,Angeljimenezgom
NO,EA7OR
NO,IndioMapoyo
NO,pirataneko
NO,csangareau
NO,jordip01
NO,santira59
NO,nemequitteerpan
NO,fofito44
NO,Mireiagalindo
NO,CriticoE
NO,jesuscostal
NO,johanmoa
NO,GemaMicheto
NO,JudgeFudge5
NO,Juanmazapico
NO,Veronica_Sur
NO,BATROC1
NO,marisa_marisa10
NO,JLBombardino
NO,AlejandroMazoM
NO,McrcGuipuzcoa
NO,jmartinanton
NO,AldrinDSL
NO,Ketelusan
NO,AbrahamPriego96
NO,soy_cosi
NO,ElNouReiNu
NO,elbotifler
NO,erujas
NO,2000cristana
NO,fachinfachan
NO,esnuestravida_
NO,Conquistale
NO,ManuelRoyAzpili
NO,StarMetre
NO,David_Carracedo
NO,EvaTresserras
NO,manuvilladangos
NO,cspase1
NO,vireinagilda
NO,Abel_Goma
NO,DavidSanz24
NO,Ruedadecolor69
NO,MCRC_Vizcaya
NO,Gerardab
NO,BariVenezuela
NO,Mariatelier
NO,CorradoCanelo
NO,raulicoblantons
NO,cronicaesp
NO,danicorderom
NO,ESPnuestracausa
NO,toniocana15
NO,calveiro
NO,TrendsBarcelona
NO,PeriAbelardo
NO,ParraMMilena
NO,giorgiobv
NO,SixtoJoseC
NO,psansb
NO,detodonadaymas
NO,Sr_JohnnyWalker
NO,MASKEBOTELLINES
NO,daniiglesias_cs
NO,McrcMurcia
NO,KikuNeko27
NO,barbarita777
NO,Piolinachang
NO,AngelaMarsaLada
NO,Quiquealvarez
NO,Teresalopezabad
NO,DaniPM19
NO,ManolovargasL
NO,IvanGarciaMayer
NO,ariadnapuchero
NO,mcrc_bcn
NO,UnidoPodemita
NO,Arranz91
NO,AlbaPer18
NO,Spainbarrante
NO,ElionordUrgell
NO,mipalop
NO,_sentido_comun
NO,joseasanjurjo
NO,Hispaniam_unite
NO,Riccio_0
NO,pjromo
NO,Avmacristian
NO,andreaggarrido7
NO,Antonio22719039
NO,QuieroAuditoria
NO,AutoHipnosis666
NO,Coruna_MCRC
NO,Standpress
NO,SrGilabert
NO,David_Salvi
NO,zangano6y9
NO,MonotonoFungar
NO,ziggy_one
NO,thesperezman
NO,NavarroMescua
NO,LuismaEx
NO,AntonioLloren19
NO,PpVillalobosMat
NO,PedroJuan5
NO,Eva31839405
NO,EstebanRdM
NO,IndigndeVerdad
NO,Morpheus11M2004
NO,JIglesias2018
NO,nuriacoe
NO,PetitPelleringa
NO,pedrolegea
NO,tritrifm
NO,rubazquez
NO,JoseAG47
NO,PepaAl1
NO,MegaPoint23
NO,JessicaTowers24
NO,fmhumberto1
NO,JesusMGranada
NO,ElCaballeroPmix
NO,Ulises_Odiseas
NO,egarciau77
NO,JavierBeBee
NO,JosanRL
NO,Torralbo_M
NO,Varela_85
NO,Lau_neiraa
NO,Nomemetoenna
NO,IncordiandoAndo
NO,yosoynaranjito_
NO,manutruj
NO,RibasJrdi
NO,JLuisTaboada
NO,Nomaguanto
NO,drmpolitics
NO,Alkas007
NO,ccochs
NO,jiglisardo
NO,SrLobo76
NO,ManelParra
NO,Nachusreilly
NO,ArquiBroker
NO,AdriJepbur
NO,curtinaitis
NO,RamonSanchezAlo
NO,mmartinezb14
NO,EJAAriza93
NO,Carmen_CamposC
NO,CurroAgp
NO,aalbagomez
NO,tomasrejas
NO,lopezlla1
NO,markkkk44
NO,crypto_airdrop
NO,CarmGuerrero
NO,Alejandrov_72
NO,omniaveritas_
